{"version":1,"lastPerfBoundaries":[0.001,0.002,0.004,0.006,0.008,0.01,0.015,0.02,0.03,0.05,0.07,0.1,0.15,0.25,"+Inf"],"log":[{"ts":1735395059787,"type":"svBoot","duration":4},{"ts":1735395116134,"type":"data","players":0,"fxsMemory":299.4,"nodeMemory":22.48,"perf":{"svSync":{"count":7086,"sum":0.1070000000000001,"buckets":[7086,0,0,0,0,0,0,0,0,0,0,0,0,0,0]},"svNetwork":{"count":5736,"sum":0.08400000000000006,"buckets":[5736,0,0,0,0,0,0,0,0,0,0,0,0,0,0]},"svMain":{"count":1130,"sum":0.7430000000000001,"buckets":[1126,1,1,0,1,0,0,0,0,0,0,0,0,0,1]}}}]}